{
  "latent_dim": 32,
  "n_samples": 51234,
  "batch_size": 512,
  "max_dim_trained": 32,
  "explained_variance_ratio": [
    0.1767647098811778,
    0.1507832401824344,
    0.07077307636808848,
    0.06536150542573675,
    0.052211023913421535,
    0.039125279899658146,
    0.03771116312474039,
    0.02999763177540462,
    0.024231516509381257,
    0.02034900880291408,
    0.019966587975409924,
    0.016297593006290318,
    0.016037558360041098,
    0.014498482265229418,
    0.012504633814273016,
    0.0111797322981684,
    0.010494246606922528,
    0.010008390021578762,
    0.00803502009485848,
    0.0069382611963000485,
    0.006653677472242755,
    0.006239200398659621,
    0.006092297048580647,
    0.005649179102962812,
    0.005624017102736242,
    0.004904403188645214,
    0.004760725857705417,
    0.004523419861894634,
    0.004075807014030669,
    0.0035599056824566363,
    0.003255888933376834,
    0.002810857510497507
  ],
  "total_explained_variance": 0.8514180406958184,
  "singular_values": [
    747.1611887243562,
    690.0698577098442,
    472.77070620304585,
    454.3364132885567,
    406.06693471730455,
    351.51612391086417,
    345.1051861233259,
    307.7938988399051,
    276.63480448861844,
    253.5059469505104,
    251.11256837324697,
    226.87061903723585,
    225.05343546577944,
    213.98227121596082,
    198.72477373806035,
    187.90235542758188,
    182.05061683856104,
    177.78643955571962,
    159.29788349811832,
    148.02730915117277,
    144.95973773847427,
    140.37216219630602,
    138.7097718052808,
    133.57008242196352,
    133.2722832926582,
    124.45421363308554,
    122.61768398072219,
    119.52258360998154,
    113.45491849945401,
    106.03171059422982,
    101.40311885332103,
    94.21844609662222
  ],
  "crop_ratio": 0.13,
  "target_size": [
    48,
    48
  ]
}