{
  "pca": {
    "3": {
      "mse": 0.07674667281662353,
      "psnr": 11.149404433257224
    },
    "5": {
      "mse": 0.060217478298969694,
      "psnr": 12.202774352027504
    },
    "8": {
      "mse": 0.04708355654887724,
      "psnr": 13.271307393032476
    },
    "12": {
      "mse": 0.037231324617434024,
      "psnr": 14.290915121617168
    },
    "24": {
      "mse": 0.02258669330428142,
      "psnr": 16.461473452115513
    }
  },
  "beta_vae": {}
}