{
  "mse": 0.060217478298969694,
  "psnr": 12.202774352027504
}