{
  "mse": 0.02258669330428142,
  "psnr": 16.461473452115513
}