{
  "mse": 0.07674667281662353,
  "psnr": 11.149404433257224
}