{
  "mse": 0.04708355654887724,
  "psnr": 13.271307393032476
}