{
  "mse": 0.037231324617434024,
  "psnr": 14.290915121617168
}