{
  "latent_dim": 12,
  "n_samples": 51234,
  "batch_size": 512,
  "max_dim_trained": 32,
  "explained_variance_ratio": [
    0.1767647098811778,
    0.1507832401824344,
    0.07077307636808848,
    0.06536150542573675,
    0.052211023913421535,
    0.039125279899658146,
    0.03771116312474039,
    0.02999763177540462,
    0.024231516509381257,
    0.02034900880291408,
    0.019966587975409924,
    0.016297593006290318
  ],
  "total_explained_variance": 0.7035723368646578,
  "singular_values": [
    747.1611887243562,
    690.0698577098442,
    472.77070620304585,
    454.3364132885567,
    406.06693471730455,
    351.51612391086417,
    345.1051861233259,
    307.7938988399051,
    276.63480448861844,
    253.5059469505104,
    251.11256837324697,
    226.87061903723585
  ],
  "crop_ratio": 0.13,
  "target_size": [
    48,
    48
  ]
}