{
  "latent_dim": 12,
  "n_samples": 51234,
  "batch_size": 512,
  "max_dim_trained": 24,
  "explained_variance_ratio": [
    0.19197646870475188,
    0.1558886650787191,
    0.06927265912776726,
    0.06193591142303572,
    0.05161300862153132,
    0.037999638435434656,
    0.03227233436663638,
    0.02899687609216577,
    0.023727077589130636,
    0.019561045183154695,
    0.017703676595675243,
    0.015497729010204254
  ],
  "total_explained_variance": 0.706445090228207,
  "singular_values": [
    1659.5067656546453,
    1495.416943272251,
    996.8641030617334,
    942.5975234071348,
    860.4677856096397,
    738.3202160961921,
    680.4092642083909,
    644.9568122768826,
    583.414411871311,
    529.7257152451482,
    503.94920177928236,
    471.5079929442776
  ],
  "crop_ratio": 0.13,
  "target_size": [
    42,
    48
  ],
  "channel_count": 1,
  "greyscale_preset": {
    "label": "veryheavy-medium",
    "weights": [
      0.0,
      1.0,
      0.0
    ],
    "crop_ratio": 0.13,
    "downsample": false,
    "clip_min": 149.99999999999994,
    "clip_max": 149.99999999999994,
    "output_height": 42,
    "output_width": 48
  }
}