{
  "latent_dim": 3,
  "n_samples": 51234,
  "batch_size": 512,
  "max_dim_trained": 24,
  "explained_variance_ratio": [
    0.19197646870475188,
    0.1558886650787191,
    0.06927265912776726
  ],
  "total_explained_variance": 0.4171377929112382,
  "singular_values": [
    1659.5067656546453,
    1495.416943272251,
    996.8641030617334
  ],
  "crop_ratio": 0.13,
  "target_size": [
    42,
    48
  ],
  "channel_count": 1,
  "greyscale_preset": {
    "label": "veryheavy-medium",
    "weights": [
      0.0,
      1.0,
      0.0
    ],
    "crop_ratio": 0.13,
    "downsample": false,
    "clip_min": 149.99999999999994,
    "clip_max": 149.99999999999994,
    "output_height": 42,
    "output_width": 48
  }
}