{
  "pca": {
    "3": {
      "mse": 0.07371920675176519,
      "psnr": 11.324193466106504
    },
    "5": {
      "mse": 0.0514322268521286,
      "psnr": 12.887646716996223
    },
    "8": {
      "mse": 0.03638042473625294,
      "psnr": 14.391322349170064
    },
    "12": {
      "mse": 0.023997445179145673,
      "psnr": 16.198349917742053
    },
    "24": {
      "mse": 0.0043532114536245295,
      "psnr": 23.611902368371073
    }
  },
  "beta_vae": {}
}