{
  "mse": 0.0043532114536245295,
  "psnr": 23.611902368371073
}