{
  "mse": 0.023997445179145673,
  "psnr": 16.198349917742053
}