{
  "mse": 0.07371920675176519,
  "psnr": 11.324193466106504
}