{
  "mse": 0.03638042473625294,
  "psnr": 14.391322349170064
}