{
  "mse": 0.0514322268521286,
  "psnr": 12.887646716996223
}