{
  "pca": {},
  "tsne": {},
  "beta_vae": {
    "3": {
      "mse": 0.009221624583005905,
      "psnr": 20.35192562104429
    }
  }
}