{
  "mse": 0.1399109661579132,
  "psnr": 8.541482443700625,
  "training_loss": 0.14100584343187234,
  "training_recon": 0.1393519389882052,
  "training_kl": 0.0004134760797807617,
  "crop_ratio": 0.13,
  "target_size": [
    42,
    48
  ]
}