{
  "mse": 0.13997943699359894,
  "psnr": 8.539357575797474,
  "training_loss": 0.1401447803896859,
  "training_recon": 0.13932403295934945,
  "training_kl": 0.00020518682996813263,
  "crop_ratio": 0.13,
  "target_size": [
    42,
    48
  ]
}