{
  "mse": 0.14021992683410645,
  "psnr": 8.53190263836254,
  "training_loss": 0.14053654536939322,
  "training_recon": 0.1393697413608915,
  "training_kl": 0.00029170100892963064,
  "crop_ratio": 0.13,
  "target_size": [
    42,
    48
  ]
}