{
  "mse": 0.06000618264079094,
  "psnr": 12.218040004755641,
  "training_loss": 0.7823785540468973,
  "training_recon": 0.058881703792070215,
  "training_kl": 0.18087421258598824,
  "crop_ratio": 0.13,
  "target_size": [
    84,
    96
  ]
}