{
  "mse": 0.0012794904963940432,
  "psnr": 28.929629355516717
}