{
  "mse": 0.0025733744689535685,
  "psnr": 25.894970120924405
}