{
  "mse": 0.005331597834087976,
  "psnr": 22.73142617139562
}