{
  "mse": 0.023665932702430538,
  "psnr": 16.25876374798918
}