{
  "mse": 0.0605565993420617,
  "psnr": 12.178385213620988
}