{
  "mse": 0.04754707695676973,
  "psnr": 13.228761769508724
}