{
  "mse": 0.14079372584819794,
  "psnr": 8.514166981073885,
  "training_loss": 0.14062109102780682,
  "training_recon": 0.13932873041106578,
  "training_kl": 0.0003230901161724634,
  "crop_ratio": 0.13,
  "target_size": [
    42,
    48
  ]
}