{
  "mse": 0.07715910836021897,
  "psnr": 11.126127996449773
}