{
  "mse": 0.037883285112552886,
  "psnr": 14.215523674619861
}