{
  "pca": {
    "3": {
      "mse": 0.07581100352831206,
      "psnr": 11.20267754462866
    },
    "5": {
      "mse": 0.0585253491621236,
      "psnr": 12.326559866235428
    },
    "8": {
      "mse": 0.04476795044010966,
      "psnr": 13.490327879691549
    },
    "12": {
      "mse": 0.034268126958177894,
      "psnr": 14.651096327734685
    },
    "24": {
      "mse": 0.018107622256546278,
      "psnr": 17.421385739077692
    }
  },
  "beta_vae": {}
}