{
  "mse": 0.034268126958177894,
  "psnr": 14.651096327734685
}