{
  "mse": 0.07581100352831206,
  "psnr": 11.20267754462866
}