{
  "mse": 0.0585253491621236,
  "psnr": 12.326559866235428
}