{
  "mse": 0.018107622256546278,
  "psnr": 17.421385739077692
}