{
  "mse": 0.04476795044010966,
  "psnr": 13.490327879691549
}